firm_key,Firm_ID
berman hagens shapiro sobol,F0001
berman hagens,F0001
berman hagens shapiro sobel,F0001
berman hagens ll shapiro sobol,F0001
berman hagens seattle shapiro sobol,F0001
berman habens shapiro sobol,F0001
hagens herman shapiro sobol,F0001
berman fishbein levin sedran,F0002
echsner levin mitchell papantonio proctor thomas,F0002
echsner levin mitchell papantonio procter thomas,F0002
bennan fishbein levin sedran,F0002
eschner levin mitchell papantonio proctor thomas,F0002
al et levin papantonio,F0002
fishbein levin,F0002
levin mitchell papantonio proctor rafferty thomas,F0002
barr buchanan levin mougey obrien papantonio proctor rafferty,F0002
berman levin sedran,F0002
levin,F0002
barr buchanan levin mougey obrien papantonio proctor,F0002
barr brien buchanan levin mougey papantonio proctor rafferty,F0002
levin papantonio,F0002
eishner levin mitchell papantonio proctor rafferty thomas,F0002
levin mitchell papantino proctor rafferty thomas,F0002
hausfeld,F0003
dc hausfeld,F0003
berger montague,F0004
bernstein cabraser heimann lieff,F0005
bernstein cabraser heinmann lieff,F0005
bernstein cabraser heimann leiff,F0005
bernstein cabraser heimann lieff new york,F0005
bernstein cabraser heimann lieff nashville,F0005
bernstein cabrasher heimann lieff,F0005
bernstein cabraser heimmann lieff,F0005
bernstien cabraser heimann leif,F0005
cabraser lieff,F0005
bernstein cabraser heimann lief,F0005
bernstein cabraser hermann lieff,F0005
bernstein cabraser heiman lieff,F0005
berstein cabraser heinman lieff,F0005
cohen hausfeld milstein toll,F0006
cohen milstein selers toll,F0006
cohen hausfield milstein toll,F0006
cohen hausfeld toll,F0006
cohen milstein sellers toll,F0006
cohen milstein,F0006
cohen milstein pplc sellers toll,F0006
cohen millstein sellers toll,F0006
cohen haulsfeld milstein toll,F0006
cohen milstein seller toll,F0006
motley rice,F0007
grindal lockridge nauen pllp,F0008
grindal lockridge nauen,F0008
seeger weiss,F0009
fox kaplan kilsheimer,F0010
fox kaplan klischeimer,F0010
labaton sucharow,F0011
labaton rudoff sucharow,F0011
cotchett mccarthy pitre,F0012
cotchett mccarthy pitre simon,F0012
cotchet mccarthy pitre,F0012
coughlin geller robbins rudman stoia,F0013
coughlin geller lerach robbins rudman stoia,F0013
dowd geller robbins rudman,F0013
br dowd fl geller robbins rudman,F0013
david geller robbins rudman,F0013
bain byrne carella cecchi gilfillan olstein stewart,F0014
byrne carella,F0014
agnello brody byrne carella cecchi olstein,F0014
agnello brody byrne carella cecchi,F0014
pearson penny simon warshaw,F0015
pearson penny simon soter warshaw,F0015
pearson simon,F0015
pearson simon warshaw,F0015
pearson warshaw,F0015
reed zimmerman,F0016
pllp reed zimmerman,F0016
baron budd,F0017
aylstock plc sasser witkin,F0018
aylstock kreis overholtz witkin,F0018
alystock kreis overholtz witkin,F0018
aylstock kreiss witkin,F0018
aylstock kreios overholtz witkin,F0018
aylstock kries overholtz witkin,F0018
ciresi kaplan miller robins,F0019
cirisi kaplan miller robins,F0019
kaplan robins,F0019
ceresi kaplan miller robins,F0019
bershad milberg schulman weiss,F0020
bershad milberg weiss,F0020
milberg,F0020
milberg weiss,F0020
bryson coleman grossman milberg phillips,F0020
coleman cryson grossman milberg pccl phillips,F0020
bryson coleman grossman milberg,F0020
grossman milberg phillips tadler,F0020
morgan morgan,F0021
complex litigation morgan morgan,F0021
dept mass morgan morgan tort,F0021
gibbs girard,F0022
bartolomeo de gibbs girard,F0022
gibbs,F0022
allen beasley crow methvin miles portis,F0023
allen beasley,F0023
al allen beasley et,F0023
allen beasley crow mehtvin miles portis,F0023
allen beasley crow methvin miles partis,F0023
carlson lynch,F0024
carlson carpenter kilpela lynch sweet,F0024
carlson kilpela lynch sweet,F0024
carpenter lynch,F0024
scott scott,F0025
cuneo gilbert laduca,F0026
cartmell wagstaff,F0027
bierstein conroy fisher hanly hayes sheridan,F0028
conroy hanly simmons,F0028
al conroy et hanly,F0028
bierstein conroy hanly sheridan,F0028
bern napoli ripka,F0029
bern napoli ripka shkolnik,F0029
napoli shkolnik,F0029
bern napoli,F0029
bern napoli ripka shkolnick,F0029
lanier,F0030
lanier mark,F0030
emanuel quinn,F0031
emanuel quinn sullivan urquhart,F0031
emanuel hedges oliver quinn urquhart,F0031
hanson siegel stueve woody,F0032
hanson siegel stueve,F0032
hanson kcmo siegel stueve,F0032
siegel stueve,F0032
godfrey susman,F0033
douglas london,F0034
check kessler meltzer topaz,F0035
barrow check kessler topaz,F0035
kessler topaz,F0035
check kessler metzler topaz,F0035
keller rohrback,F0036
ca keller rohrback,F0036
freed kanner london millen,F0037
eisenhofer grant,F0038
arsenault beard neblett,F0039
bryson mason whitfield,F0040
bryson whitfield,F0040
bryon mason whitfield,F0040
dicello gutzler levitt,F0041
dicello levitt,F0041
dicello gutzler levit,F0041
dicello,F0041
casey dicello levitt,F0041
halebian lovell stewart,F0042
halebian lovell steward,F0042
halebian jacobson lovell stewart,F0042
miller,F0043
cory crowder degaris watson,F0044
corey crowder degaris watson,F0044
cory watson,F0044
boies flexner schiller,F0045
luxenberg weitz,F0046
luxenberg ny weitz,F0046
orseck podhurst,F0047
parker waichman,F0048
alonso parker waichman,F0048
fl parker waichman,F0048
adler freeman haldenstein herz wolf,F0049
haldenstein wolf,F0049
adler freeman haldenstine herz wolf,F0049
alder freeman haldenstein herz wolf,F0049
edelson,F0050
edelson mcguire,F0050
anapol cohan feldman schwartz smalley weiss,F0051
anapol cohan felman schwartz smalley weiss,F0051
anapol cohan feldmen schwartz smalley weiss,F0051
anapol schwartz,F0051
anapol weiss,F0051
anapol cohon feldman schwartz smalley weiss,F0051
cotlar herman herman katz,F0052
herman herman katz,F0052
connolly williams,F0053
berger bernstein grossmann litowitz,F0054
berger bernstein grossman litowitz,F0054
drake whatley,F0055
drake kallas whatley,F0055
drake kailas whatley,F0055
kallas whatley,F0055
kodroff roseman spector,F0056
kodroff roseman spector willis,F0056
brickman patrick richardson westbrook,F0057
brickman patrick richardson westbook,F0057
brickman patrick rogers westbook,F0057
fisher garwin gerstein,F0058
fisher garwin gerstain,F0058
heins mills olson plc,F0059
heins mills olson,F0059
heins mills,F0059
hems mills olson,F0059
heins miller olson plc,F0059
finkelman miller shah shepherd,F0060
finkelman media miller shah shepherd,F0060
chester finkelman miller shah shepherd,F0060
diego finkelman miller san shah shepherd,F0060
finkelman miler shah shepherd,F0060
miller shah,F0060
becker johnson,F0061
dugan,F0062
aplc dugan,F0062
heaviside reed zaic,F0063
gluek gustafson,F0064
berman burt devalerio pease pucillo tabacco,F0065
berman devalerio,F0065
berman burt devalerio pease pucilllo tabacco,F0065
berman tabacco,F0065
finkelstein thompson,F0066
finkelstein loughran thompson,F0066
barrett,F0067
barrett richard,F0067
block gross grossman haudek pomerantz,F0068
gross grossman haudek pomerantz,F0068
pomerantz,F0068
dahlstrom gross grossman hufford pomerantz,F0068
bacon hardy shook,F0069
babbitt johnson leclainche osborne,F0070
babbitt clainche johnson le osborne,F0070
babbit johnson leclainche osborne,F0070
babbitt johnson laclainche osborne,F0070
babbitt johnson,F0070
depalma greenberg lite rivas,F0071
depalma greenberg lite,F0071
afanador depalma greenberg lite,F0071
wexler,F0072
toriseva wallace wexler,F0072
wallace wexler,F0072
branstetter jennings stranch,F0073
garvey jennings stranch,F0073
jennings stranch,F0073
sanders troutman,F0074
hamilton pepper sanders troutman,F0074
alexander audet hawes,F0075
audet partners,F0075
gette hofmann mason voelbel zelle,F0076
hofmann mason voelbel zelle,F0076
hoffman mason voelbel zelle,F0076
gette hoffman mason mn voelbel zelle,F0076
cohen mcdonough zelle,F0076
zelle,F0076
calcagnie robinson robinson,F0077
calcagnie inc robinson robinson,F0077
al calcagnie et robinson,F0077
calcagnie davis inc robinson robinson shapiro,F0077
calcagnie robinson,F0077
calcagnie davis robinson robinson shapiro,F0077
calcagnie inc robinson,F0077
barroway schiffrin,F0078
barroway kessler schiffrin topaz,F0078
barroway check kesser meltzer topaz,F0078
barroway check kessler meltzer topaz,F0078
barroway check kessler topaz,F0078
kirby mcinerney squire,F0079
kirby mcinerney,F0079
barnow,F0080
baudin coffin pendley,F0081
ashley blasingame burch garrard,F0082
clark gp hutson love,F0083
clark hutson love,F0083
faruqi faruqi,F0084
king larson,F0085
bernstein liebhard,F0086
bernstein liebhard lifshitz,F0086
grossman phillips sanders,F0087
grossman sanders viener,F0087
grossman sanders wiener,F0087
sanders,F0087
department justice,F0088
branch civil department division federal justice programs,F0088
department justice states united,F0088
department division enforcement environment environmental justice natural resources section,F0088
branch civil department division environmental justice states torts united,F0088
inc saveri saveri,F0089
saveri saveri,F0089
cohen malad,F0090
bacine barrack rodos,F0091
arnold porter,F0092
arnold kaye porter scholer,F0092
arnold kaye porter scholler,F0092
blatt casey francavilla gerry penfield schenk,F0093
blatt casey fancavilla gerry penfield schenk,F0093
blatt casey francavilla gerry,F0093
blatt casey franca gerry penfield schenk villa,F0093
blatt francavilla gerry penfield schenk,F0093
golomb honik,F0094
dechert,F0095
balint bonnett fairbourn friedman,F0096
balint bonnett fairbourn fricdman,F0096
brown mayer,F0097
brown mayer ny,F0097
cohen dannenberg hart lowey,F0098
dannenberg lowey,F0098
brain stephens tousley,F0099
brian stephens tousley,F0099
boyd brown fisher huguenard,F0100
boyd fisher huguenard johnson,F0100
boyd fisher huguernard johnson,F0100
brody stull stull,F0101
evans figel hansen huber kellogg todd,F0102
figel frederick hansen kellogg todd,F0102
hansen kellogg,F0102
mullins nelson riley scarborough,F0103
flowers foote meyers mielke,F0104
flowers meyers,F0104
lopez mchugh,F0105
matthews,F0106
david matthews,F0106
black fine kaplan,F0107
ben martin,F0108
murray,F0109
graf kohn swift,F0110
kirtland packard,F0111
benjamin david gainsburgh meunier warshauer,F0112
benjamin gainsburgh,F0112
craft guerra watts,F0113
guerra watts,F0113
watts,F0113
fleming,F0114
fleming jez nolen,F0114
fleming jez noal,F0114
carey danis,F0115
carey danis lowe,F0115
blood hurst reardon,F0116
blood hurst oreardon,F0116
cambria green kreindler kreindler lipsitz scime,F0117
kreindler kreindler,F0117
tycko zavareei,F0118
inc joseph saveri,F0119
joseph saveri,F0119
devine seeger,F0120
salvas seeger,F0120
devine salvas seeger,F0120
power rogers smith,F0121
burg eldredge hersh jardine simpson,F0122
burg simpson,F0122
girardi keese,F0123
bender strohbehn vaughan walters,F0124
bender strohbehn vaughn walters,F0124
becnel daniel jr,F0125
becnel,F0125
becnel daniel,F0125
rodanast,F0126
ellis kirkland,F0127
cochran,F0128
cochran dallas,F0128
cooper simmons,F0129
simmons,F0129
angelides barnerd browder gianaris simmons,F0129
hanly simmons,F0129
browder simmons,F0129
angelides barner browder gianaris simmons,F0129
anetakis colantonio frankovitch simon,F0130
greenberg traurig,F0131
hogan lovells,F0132
hogan lovells us,F0132
meshbesher spence,F0133
bogard denton schlichter,F0134
bogart denton schlichter,F0134
board denton schlicter,F0134
bogard denton schlicter,F0134
davis garrison heninger,F0135
davis garrison henninger,F0135
asher kitchenoff weinstein,F0136
curtcher dunn gibson,F0137
crutcher dunn gibson,F0137
nastlaw,F0138
hilliard shadowen,F0139
nussbaum,F0140
restaino siler,F0141
restaino,F0141
corporation kelly melodia professional schoenberger walkup,F0142
kelly melodia schoenberger walkup,F0142
kelly melodia schonenberger walkup,F0142
roberts us,F0143
roberts,F0143
jones plc ward,F0144
jones ward,F0144
binkow glancy goldberg,F0145
binkow glancey goldberg,F0145
blanchfield reinhardt wendorf,F0146
graham gray ritter,F0147
alioto,F0148
alioto prescott trump trump,F0148
alward bandy horn,F0149
aylward bandy horn,F0149
mcguirewoods,F0150
burnett,F0151
burnett jr riley,F0151
bursor fisher,F0152
girard sharp,F0153
polsinelli,F0154
freese goss,F0155
climaco garofoli lefkowitz peca wilcox,F0156
climaco garofoli lefkowitz lpa peca wilxcox,F0156
climaco garofoli lefkowitz lpa peca wilcox,F0156
climaco garofoli peca tarantino wilcox,F0156
climaco garofoli lpa peca tarantino wilcox,F0156
cutter kershaw ratinoff,F0157
cutter,F0157
bartlit beck herman palenchar scott,F0158
bartlit beck,F0158
barlet beck herman palenchar scott,F0158
biddle drinker reath,F0159
borgess kranz zoll,F0160
kranz zoll,F0160
dutton hellums kirby pittman,F0161
dutton hellums pittman,F0161
bradley dutton hellums mann pittman,F0161
cappucci entwistle,F0162
bolen ellis robinson,F0163
andrus hood wagstaff,F0164
andrus wagstaff,F0164
wagstaff,F0164
blankinship finkelstein frei garber pearson,F0165
blankenship finkelstein frei garber pearson,F0165
burns charest,F0166
ahdoot wolfson,F0167
cambronne chestnut,F0168
king spalding,F0169
fegan scott,F0170
ferguson gilbert kopelowitz ostrow weiselberg,F0171
kopelowitz ostrow,F0171
korein tillery,F0172
barrios casteix kingsdorf,F0173
barrios castiex kingsdorf,F0173
barrios casteix kindsdorf,F0173
bennett cera gold sidener,F0174
cera,F0174
combs edelman goodwin latturner,F0175
federman sherwood,F0176
bartimus frickleton gorny robertson,F0177
bartimus frickleton gorny roberson,F0177
bartimus frickleton goza robertson,F0177
bartimus frickleton rader robertson,F0177
bartimus frickleton gorny roberston,F0177
bartimus frickleton robertson,F0177
howard nations,F0178
nations,F0178
monsour,F0179
gary mccallister,F0180
mccallister,F0180
butler snow,F0181
butler cannada mara snow stevens,F0181
karon,F0182
dalimonte karon,F0182
ciresi conlin,F0183
kailas kohner mann,F0184
fears nachawati,F0185
berne lokting shlachter stoll stoll,F0186
branch,F0187
ashcraft gerel,F0188
ball scott,F0189
hollister stettinius taft,F0190
chimicles tikellis,F0191
strawn winston,F0192
laminack martines pirtle,F0193
crump davis,F0194
geragos geragos,F0195
geragos,F0195
medley sill,F0196
sill,F0196
fulmer sill,F0196
mcqueen sharp,F0197
sharp,F0197
reese richman,F0198
reese,F0198
levine pritzker,F0199
reed smith,F0200
mcglamry pope,F0201
kilpatrick mcglamry morrison norwood pope,F0201
carr conway kane peiffer wise wolf,F0202
peiffer wolf,F0202
abdullah aplc carr kane peiffer rosca wolf,F0202
locks,F0203
furth,F0204
furth grant lehmann,F0204
formerly furth furth grant lehmann,F0204
furth lehmann,F0204
furth li mason salem,F0204
klein roddy ryan,F0205
costello kavanagh klein,F0205
as be costello january kavanagh klein klein renamed roddy ryan to,F0205
clasby harke,F0206
bushman clasby harke,F0206
mason,F0207
goldenberg johnson,F0208
goldenberg lauricella,F0208
goldenberg,F0208
cottrell konecky schneider wallace,F0209
cottrell konecky schneider wallace wotkyns,F0209
adelman milstein,F0210
adelman fairchild jackson milstein wade,F0210
fairchild jackson milstein wade,F0210
barnes,F0211
baker daniels faegre,F0212
baker daniels,F0212
buckley carr graham white,F0213
cafferty clobes meriwether sprengel,F0214
cafferty clobes il meriwether sprengel,F0214
cohen grossman roth yaffa,F0215
grossman roth,F0215
berris kennedy weisman,F0216
kennedy weisman,F0216
berris kennedy lpa weisman,F0216
bockius lewis morgan,F0217
francis osborne,F0218
osborne,F0218
childers schlueter smith,F0219
barnhart denney scarola searcy shipley,F0220
barnhard denney scarola searcy shipley,F0220
paget riesel sive,F0221
blizzard mccarthy nabers,F0222
blizzard nabers,F0222
cohen placitella roth,F0223
cohen corporation placitella professional roth,F0223
cohn placitella roth,F0223
akin feld gump hauer strauss,F0224
beliveau flaherty pachios preti,F0225
flaherty preti,F0225
latham watkins,F0226
gornick kaiser levin simes,F0227
levin simes,F0227
aristei baum goldman hedlund,F0228
goldman spitzer wilentz,F0229
toriseva,F0230
barrett bendesky mongeluzzi saltz,F0231
bendesky mongeluzzi saltz,F0231
kanner whiteley,F0232
boucher kiesel larson,F0233
kiesel,F0233
boucher kiesel,F0233
provost umphrey,F0234
clifford colucci gallaher,F0235
clifford,F0235
groves holland schneller stolze,F0236
holland,F0236
block leviton,F0237
bryant center,F0238
bryant center psc,F0238
colson edison hicks,F0239
colson eidson hicks,F0239
walsh,F0240
plc walsh,F0240
alex walsh,F0240
paul,F0241
baker hostetler,F0242
boyle panish ravipudi shea,F0243
boyle panish shea,F0243
klase lemond webb,F0244
luxenburg weitz,F0245
gallagher kennedy,F0246
singleton,F0247
schreiber singleton,F0247
cafferty faucher,F0248
cafferty faucher miller,F0248
cohn herrmann knopf lifland pearlman,F0249
cohn herrmann knopf lifland peariman,F0249
goldhammer graifman,F0250
goldhamer graifman kantrowitz,F0250
goldhammer graifman kantrowitz,F0250
nast roda,F0251
nast,F0251
ellis tucker west,F0252
ellis tucker,F0252
myers omelveny,F0253
emerson poynter,F0254
poynter,F0254
binstock reich,F0255
boundas hart kherkher williams,F0256
boundas hart kherker williams,F0256
boundas hart williams,F0256
kherkher williams,F0256
canfield devine doffermyre knowles shields,F0257
canfield doffermyre knowles shields,F0257
dla piper us,F0258
dla piper,F0258
halleland johnson lewis nilan,F0259
johnson lewis nilan,F0259
halleland johnson lewis nilan sipkins,F0259
orlando,F0260
berne ulmer,F0261
carpenter strange,F0262
janet jenner suggs,F0263
oliver,F0264
kresch oliver,F0264
francis mailman,F0265
francis mailman soumilas,F0265
cebulash landau taus,F0266
korsinsky levi,F0267
garrison paul rifkind weiss wharton,F0268
garrison paul rifkind weiss,F0268
alfano bosick gordon pietragallo raspanti,F0269
romano,F0270
harwell neal plc,F0271
hartley,F0272
gori,F0273
gori julian,F0273
frazer plc,F0274
olk trief,F0275
cooley,F0276
bailey farrell greene ketchum tweel walker,F0277
bolognese,F0278
fink robbins umeda,F0279
robbins umeda,F0279
arps flom meagher skadden slate,F0280
skadden,F0280
haber shapiro urmy,F0281
braslow millrood pogust,F0282
morelli ratner,F0283
alters morelli ratner,F0283
morelli,F0283
quetglas,F0284
archie kirk lamb quetglas wood,F0284
goldenberg groh lpa murdock schneider,F0285
goldenberg lpa schneider,F0285
drakulich,F0286
aplc drakulich,F0286
kozyak throckmorton tropin,F0287
koyzak throckmorton tropin,F0287
lewis saul,F0288
fritchie irwin moore urquhart,F0289
bennett gray mooty mooty plant,F0290
mellon shelly webster,F0291
mellon shelley webster,F0291
stewarts us,F0292
stewarts,F0292
lpa meyer wilson,F0293
meyer wilson,F0293
ademi oreilly,F0294
ademi,F0294
potts,F0295
auld bleichmar fonti,F0296
dickson siro smith,F0297
emison langdon,F0298
radice,F0299
kherkher pulaski,F0300
pulaski,F0300
chaffin luhana,F0301
duffy young,F0302
ferraro,F0303
gastel herzfeld liniski suetholz wall,F0304
gastel herzfeld leniski suetholz wall,F0304
schulte wright,F0305
farrington humphrey mcclain,F0306
hellmuth johnson pll,F0307
hellmuth johnson,F0307
dickerson oxton,F0308
mololamken,F0309
barry,F0310
bailey glasser,F0311
bell,F0312
davis harrison morrison steakley,F0313
davis harrison jones morrison steakley,F0313
dassow deets hovde,F0314
kennedy madonna,F0315
bossier,F0316
klafter lesser olsen,F0317
klafter lesser,F0317
lc richards rodriguez trujillo,F0318
richards rodriguez trujillo,F0318
brower corporation piven professional,F0319
ament denenberg freed much rubenstein shelist,F0320
ament denenberg freed much rubinstein shelist,F0320
nix patterson roach,F0321
mccartney rheingold rheingold shkolnik valet,F0322
des odom roches,F0323
goldman karon scarlato,F0324
goldman karon penny scarlato,F0324
goldman penny scarlato,F0324
popper wolf,F0325
childs pantazis quinn wiggins,F0326
childs fisher goldfarb pantazis wiggins,F0326
salas,F0327
bowman brooke,F0328
fibich garth hampton leebron,F0329
briggs copeland fibich leebron,F0329
briggs fibich hampton josephson leebron,F0329
coffman,F0330
gauthier kahn swick,F0331
foti kahn swick,F0331
wild,F0332
max wild,F0332
counselors morris morris,F0333
friedman,F0334
feffer harwood,F0335
edgar,F0336
arnold,F0337
arnold clayeo corp professional,F0337
arnold clayeo corporation profession,F0337
arnold clayeo corporation professional,F0337
arnold clayeo,F0337
burke,F0338
mccluer mcculley,F0339
glancy murray prongay,F0340
glancy murray prognay,F0340
alvarez boodrookas lowenthal smith steyer,F0341
lowenthal steyer,F0341
burkholder isaac teetor wiles,F0342
brant isaac ledman teetor,F0342
burkholder isaac teeter wiles,F0342
hendy johnson psc schachter,F0343
pozner reilly,F0344
connelly pozner reilly,F0344
zimmerman,F0345
carpenter deutsch mcelroy mulvaney,F0346
harris lowry penn,F0347
altshuler berzon,F0348
adhoot wolfson,F0349
clayton jones,F0350
attorney clayton jones,F0350
emerson,F0351
lundberg,F0352
center griffith,F0353
saunders walker,F0354
mcdonald worley,F0355
tostrud,F0356
brady mcshane,F0357
bradley grombacher,F0358
keller lenkner,F0359
migliaccio rathod,F0360
peirce robert,F0361
goldenberg nigh raso vaughn,F0362
aarp foundation,F0363
kantor kantor,F0364
environmental litigation,F0365
bailey cowan heckaman,F0366
bailey cowan heckman,F0366
cohn cooper flint miracle thompson,F0367
cooper flint,F0367
hammers,F0368
hammers schneider,F0368
hersh hersh,F0369
hamilton pepper,F0370
hamilton llo pepper,F0370
bruce rogow,F0371
hubbard lugenbuhl peck rankin wheaton,F0372
moody,F0373
inc moody,F0373
azar franklin,F0374
bradshaw fairgrave fowler proctor,F0375
gomez trial,F0376
gomez lawyers trial,F0376
gomez,F0376
robertson,F0377
hood,F0378
environmental sl,F0379
cherin eckert mellott seamans,F0380
eckert seamans,F0380
dykema gossett,F0381
kilgore lochridge mcginnis,F0382
hollingsworth spriggs,F0383
hollingsworth,F0383
felder hood johnson mcgowan,F0384
felder hood mcgowan phillips,F0384
felder hood mcgowan,F0384
irpino,F0385
avin hawkins irpino,F0385
schachter zwerling zwerling,F0386
deakins nash ogletree smoak stewart,F0387
deakins ogletree,F0387
halunen,F0388
hudson mallaney shindler,F0389
anderson hudson mallaney shindler,F0389
anderson goplerud shindler weese,F0389
abraham fruchter twersky,F0390
bernard gross,F0391
saxena white,F0392
moskow ury,F0393
austin sidley,F0394
austin chicago sidley,F0394
austin brown sidley wood,F0394
evans manogue specter specter,F0395
gurewitz raben,F0396
bleau fox,F0397
hissey kientz,F0398
fenske morrison sund,F0399
foerster morrison,F0400
frank piscitelli,F0401
piscitelli,F0401
fulbright jaworski,F0402
connors granito krause nolan speiser vilardo,F0403
connors,F0403
baumeister samuels,F0404
kenny nachwalter,F0405
barnes thornburg,F0406
silverman slutkin thompson white,F0407
duane morris,F0408
keogh,F0409
lemberg,F0410
finley,F0411
consumer litigation,F0412
guzzo kelly plc,F0413
kinsman krause,F0414
holtum malters shepher von,F0415
holtum malters shepherd von,F0415
goldenberglaw,F0416
goodrich rosati sonsini wilson,F0417
moskowitz,F0418
ferraro kelley,F0419
golub silver teitell,F0420
battista bernheim bliss kelley,F0421
bernheim dolinsky kelly,F0421
bernheim dolinsky kelley,F0421
barlow kershaw talley,F0422
cook kershaw talley,F0422
hicks javerbaum kahn sinins wikstrom wurgaft,F0423
hicks javerbaum kahn sinins wurgaft,F0423
liuzza stag,F0424
black cloud heard robins,F0425
cloud heard robins,F0425
connor cozen,F0426
alters,F0427
alters boldt brown culmo rash,F0427
barrasso freeman kupperman sarver usdin,F0428
gornick kaiser,F0429
kaye scholer,F0430
faraci lange,F0431
bowersox,F0432
piatt riley williams,F0433
curtis,F0434
maclean,F0435
motta plc rueb,F0436
davis tremaine wright,F0437
driscoll,F0438
bart morris,F0439
coleman greg,F0440
gallucci plevin,F0441
drye kelley warren,F0442
cossich parsiola sumich taylor,F0443
solomon,F0444
edling sher,F0445
hill toriseva williams,F0446
hill williams,F0446
pigman stone walther wittmann,F0447
francis scarpulla,F0448
lemmon,F0449
benson faegre,F0450
hoyer james newcomer smiljanich,F0451
hoyer james newcomber smiljanich,F0451
hoyer james newcomer smiljanich yanchunis,F0451
hodes lopez milman restaino skikos,F0452
nolan,F0453
bonsignore brewer,F0454
bonsignore,F0454
bonsignore lawyers trial,F0454
liber shibley spangenberg,F0455
berezofsky cuker williams,F0456
krishna narine,F0457
gancedo nieves,F0458
harper hulett stewart,F0459
heisler sanford wittels,F0460
mahoney mccambridge segal singer,F0461
kraus waters,F0462
kraus paul waters,F0462
lamb,F0463
crawford joseph millican skikos skikos,F0464
crawford joseph skikos skikos,F0464
anderson andrus liberty,F0465
anderson andrus,F0465
maher,F0466
sheller,F0467
boies straus,F0468
franklin gray white,F0469
gray white,F0469
behle bezek curtis foley,F0470
behele bezek curtis foley,F0470
andrews thornton,F0471
andrews higgins razmara thornton,F0471
mark zamora,F0472
bunch james zamora,F0472
zamora,F0472
esq mark zamora,F0472
conley griggs,F0473
conley griggs partin,F0473
john montgomery williams,F0474
campion douglas,F0475
brill thomas,F0476
barnett bundy bybee smith,F0477
omara,F0478
cheverie hach rose schirripa,F0479
complex litigation,F0480
davis norris,F0481
daudt marshall terrell willie,F0482
marshall terrell,F0482
gordon rees,F0483
gordon mansukhani rees scully,F0483
holland knight,F0484
johnson,F0485
harding martin mazzotti,F0486
harding mazzotti,F0486
dovel luner,F0487
loevy loevy,F0488
biniazan breit,F0489
slater sperling,F0490
bickford centola martzell,F0491
torhoerman,F0492
babin,F0493
blue,F0494
edelson lechtzin,F0495
lee segui,F0496
segui,F0496
miller wallace,F0497
holman schiavone,F0498
boldt ratzan weissman,F0499
balaban,F0500
cohoon ketchum leger,F0501
for justice lawyers trial,F0502
constant legal,F0503
kaplan,F0504
allen overy shearman sterling us,F0505
shearman sterling,F0505
critchley kinum,F0506
critchley kinum luria,F0506
critchley denoia kinum,F0506
aplc frantz,F0507
hainkel johnson porteous,F0508
barrios johnson johnson yacoubian,F0509
dunbar phelps,F0510
robert rogers,F0511
bonasso flaherty sensabaugh,F0512
bonasso flaherty sensbaugh,F0512
proskauer rose,F0513
curran kuehn ladue,F0514
curran keuhn ladue,F0514
beasley salim,F0515
andrews thorton,F0516
hare newell newton wynn,F0517
fleischman,F0518
green noblin,F0519
degaris rogers,F0520
degaris,F0520
kaster nichols pllp,F0521
pia roche,F0522
jackson riley,F0523
kutak rock,F0524
frandsen obremskey parr patterson richey,F0525
bachus schanker,F0526
benson kasowitz torres,F0527
hollis,F0528
berman fink horn van,F0529
berman fink hom van,F0529
bell legal,F0530
gates mitchell selig williams woodyard,F0531
price riley waicukauski,F0532
flanagan reuter stanley,F0533
alford reuter ross stanley thornton,F0533
center consumer national,F0534
abbey abrams paradis rodd spanier,F0535
abbey abrams rodd spanier,F0535
fearon squitieri,F0536
beatie osborn,F0537
al campbell et krupnick malone,F0538
melveny myers,F0539
langston,F0540
langston lott,F0540
casselman comden wasserman,F0541
myers perkins whetstone young,F0542
fulda myers perkins whetstone,F0542
andrus boudreaux lemoine tonore,F0543
andrus boudreaux plc,F0543
cravath moore swaine,F0544
bartels keefe,F0545
boesen irwin,F0546
krislov,F0547
clapp coveney dostart gordon,F0548
wynne,F0549
ashley chtd futterman howard watkins wylie,F0550
finkelstein krinsk,F0551
alvarez,F0552
mark tanenbaum,F0553
bryan cave,F0554
dempsey sanders squire,F0555
bottini johnson,F0556
bottini bottini inc,F0556
giatras,F0557
parker wachman,F0558
killino woloshin,F0559
dealy silberstein,F0560
graham kramon,F0561
lexington,F0562
wood,F0563
boggs patton,F0564
boggs patton squire us,F0564
strauss troy,F0565
lpa strauss troy,F0565
brace hollister,F0566
advocacy center consumer,F0567
leary onder peterson shelton,F0568
onder,F0568
blackwell lanham,F0569
davis polk wardwell,F0570
gergosian gralewski,F0571
katten muchin rosenman,F0572
pearson randall schumacher,F0573
diaz,F0574
kamberlaw,F0575
gerel herman,F0576
rosen,F0577
coleman yetter,F0578
brady,F0579
bernstein leibhard,F0580
justin lucey otoole,F0581
lucey,F0581
ball gordon,F0582
baillon jozwiak miller thume wanta,F0583
baillon jozwiak thome wanta,F0583
denittis osefchen,F0584
denittis osefchen prince,F0584
cavanaugh del sole stroyd,F0585
moore rebman spears williams,F0586
legal quantum,F0587
brier kelly myers,F0588
grieco landskroner merriman,F0589
simon,F0590
kline specter,F0591
gablegotwals,F0592
elkins vinson,F0593
cochran gresham steckler,F0594
steckler,F0594
coburn thompson,F0595
lear werts,F0596
fox rothschild,F0597
baker mckenzie,F0598
david israel,F0599
consumer gibson,F0600
alston bird,F0601
knox timoney,F0602
best dibella geer mcallister,F0603
byrne maderal,F0604
byrne furst maderal,F0604
gonzales hilliard martinez,F0605
hilliard,F0605
abney lewis neal orbison riggs turpen,F0606
venable,F0607
anastopoulo,F0608
anastopoulo poulin willey,F0608
cromwell sullivan,F0609
dowd dowd,F0610
hotze runkle,F0611
rubenstein,F0612
camassar levin reck rojas,F0613
jonckheer kolbe schubert,F0614
mestre rivero,F0615
arevalo mccune wright,F0616
mccune wright,F0616
scout,F0617
woodworth,F0618
anderson dickey,F0619
brown robert,F0620
beus mcgroder oconnor,F0621
friedman gerhardstein gilbert,F0622
haber,F0623
cooper partners,F0624
dolman,F0625
bey,F0626
goza honnold,F0627
stekloff wilkinson,F0628
hodge king morris,F0629
fishman haygood,F0630
burns watson,F0631
mcgartland,F0632
borchardt mcgartland,F0632
boni zack,F0633
edelson hoffman,F0634
downey gallagher kim lewis,F0635
gallagher,F0635
baker bearman berkowitz caldwell donelson,F0636
baskin teitelbaum,F0637
guthrie thomas,F0638
farrell legg white,F0639
belknap patterson tyler webb,F0640
derriel mccorvey,F0641
mccorvey,F0641
henry milling spiegel,F0642
buck thierman,F0643
brenner saltzman wallman,F0644
mclaughlin wooden,F0645
lacien smith,F0646
brenes,F0647
hodges kennedy,F0648
ball farrar kaster lynch,F0649
ku mussman,F0650
clark,F0651
burch george germany,F0652
weddle white,F0653
kennerly loutey,F0654
dalimonte litigation rueb,F0655
dalimonte rueb,F0655
pennock,F0656
bragar eagel squire,F0657
brager eagel squire,F0657
weinstine winthrop,F0658
davis furniss rashkind saunders,F0659
crueger dickinson,F0660
hannon,F0661
hillard shadowen,F0662
bethune davis jones,F0663
sadin,F0664
schwartz sommers,F0665
egan kenney mccafferty young,F0666
scott yung,F0667
ivey,F0668
brandt jordan ratliff wallace,F0669
kennedy slate,F0670
hubbard hughes reed,F0671
meyers omelveny,F0672
tate,F0673
attorney florida general state,F0674
andrew attorney cuomo general new state york,F0675
fosler inc,F0676
kritzer stuart,F0677
city department new york,F0678
koningsberg levy phillips,F0679
hart rossbach,F0680
biggs steele,F0681
parish small,F0682
daniel myers,F0683
legg,F0684
franklin nix,F0685
goforth lewis sanford,F0686
chitwood harley harnes,F0687
hecker morrison stinson,F0688
ennis hawley hawley troxell,F0689
frank murray sailer,F0690
frank murray,F0690
foote percy smith,F0691
raphael segura smith,F0692
berlin kaplan kluger peretz,F0693
bee carper deitzler hill peterson,F0694
kilpatrick stockton,F0695
kilpatrick stockton townsend,F0695
behnke botros schulte,F0696
behnke martin schulte,F0696
germany pittman roberts welsh,F0697
bart valad,F0698
harwood wechsler,F0699
gary smith,F0700
john mudd,F0701
baker keegan macaluso,F0702
grover keller,F0703
mcnulty,F0704
eff electronic foundation frontier,F0705
aclu american civil il illinois liberties union,F0706
exnicios liska nungesser,F0707
mayer,F0708
schwarz steven,F0709
brothers george,F0710
lurie weiss,F0711
howrey,F0712
john kelson,F0713
blackwell martin peper sanders,F0714
blackwell sanders,F0714
looper mcgraw reed,F0715
gray mcgraw reed,F0715
cutler dorr hale pickering wilmer,F0716
barton george,F0717
kamberedelson,F0718
barkan handelman meizlish neff,F0719
barakan handelman meizlish neff,F0719
gainey mckenna,F0720
egleston gainey mckenna,F0720
hunton williams,F0721
corp westerman,F0722
berman de valerio,F0723
riff sanford stevenson,F0724
kennedy trigg wheeler,F0725
odonnell trigg wheeler,F0725
jessee jessee,F0726
howery,F0727
dilworth paxson,F0728
cabraser lief,F0729
luxemberg weitz,F0730
leclair ryan,F0731
kaizer levitt,F0732
perrin,F0733
costello kevin,F0734
arnold itkin,F0735
coie perkins,F0736
rhine,F0737
langevin mcsweeney,F0738
bailey bailey perrin,F0739
peterson,F0740
christian small,F0741
bryan marsh rickard,F0742
bryan marsh richard,F0742
laitman lometti schoengold sporn,F0743
freed weiss,F0744
arbogast berns,F0745
fugazy rooney,F0746
mogin,F0747
fink,F0748
plunkett rattner williams williams,F0749
shavitz,F0750
petro schreiber,F0751
sparer,F0752
shuman,F0753
haviland hughes,F0754
howard rubinstein weil,F0755
howard rubinstein,F0755
kotchen low,F0756
flint schreeder wheeler,F0757
beltz paul william,F0758
jonathan reiter,F0759
hodgson russ,F0760
levy olson ram,F0761
olson ram,F0761
lock sam,F0762
gutride safier,F0763
gilbert,F0764
millstein,F0765
marlin saltzman,F0766
sturdevant,F0767
brown,F0768
huge,F0769
burling covington,F0770
gardy notis,F0771
kerr wagstaffe,F0772
stack,F0773
caddell chapman,F0774
ice miller,F0775
bianco frank,F0776
runyan speights,F0777
fruchter wohl,F0778
lewis marshall,F0779
attorney general state texas,F0780
attorney connecticut general state,F0781
attorney general ohio state,F0782
straite,F0783
sianni straite,F0783
grygiel,F0784
falcon murphy murphy,F0785
crutchlow eichen zaslow,F0786
crutchlow eichen mcelroy zaslow,F0786
gordon shaheen,F0787
carney williams,F0788
childress duffy,F0789
stark stark,F0790
tracey,F0791
fox tracey,F0791
butler strange,F0792
debrosse gentle harbison sexton turner,F0793
jonesward plc,F0794
mccunewright,F0795
long rigrodsky,F0796
cohen,F0797
nastlawllc,F0798
hyde swigart,F0799
swigart,F0799
masini vanek vickers,F0800
berke berke berke,F0801
bates carney pulliam,F0802
gillen lake withers,F0803
eisenberg eisenberg jeck rothweiler winkler,F0804
eisenberg macdonald rothweiler,F0804
diver grogan langer,F0805
jonathan sorkowitz,F0806
crueger dickinson hansen reynolds,F0807
best friedrich michael,F0808
devries goodell,F0809
dann devries goodell leech,F0809
deutsch maher wollmuth,F0810
halpern malkinson,F0811
gray ropes,F0812
khayat,F0813
jennings,F0814
bird boxer drooks lincenberg marella nessim rhow wolpert,F0815
herman jones,F0816
goodrich,F0817
merlin,F0818
burr forman mcnair,F0819
carlson,F0820
glass levine rappaport zullo,F0821
annaguey browne ellis george obrien ross,F0822
pessah,F0823
cates,F0824
cates mahoney,F0824
dameron dirks williams,F0825
onderlaw,F0826
shub,F0827
austin ron,F0828
hensley legal,F0829
messa,F0830
campbell levine,F0831
east end trial,F0832
mccracken montgomery rhoads walker,F0833
hornig nicoletti sweeney,F0834
feller ferrer poirot,F0835
daniel feller ferrer poirot,F0835
bronster corporation fujichaku robbins,F0836
forester haynie,F0837
fuchsberg jacob,F0838
honik,F0839
cozen oconnor,F0840
groteffeld hoffmann,F0841
grotefeld hoffmann,F0842
block jenner,F0843
funk plc sims,F0844
dannenberg lowery,F0845
bryson demay harris suciu,F0846
clarkson,F0847
perlmuter tittle,F0848
susen,F0849
rmp,F0850
ward,F0851
dodd,F0852
eimer stahl,F0853
arnall golden gregory,F0854
devlin,F0855
meyerson miller,F0856
methvin miller stephens terrell yancey,F0857
mccallum methvin terrell,F0857
figg rothwell,F0858
hesse lehane murphy toomey,F0859
artiano shinoff,F0860
carder leonard,F0861
harrison jones kemp,F0862
coulthard jones kemp,F0862
dorsey whitney,F0863
andrus esq vance,F0864
schager stamell,F0865
granito krause nolan speiser,F0866
burr galloway johnson smith tompkins,F0867
aldridge long mckenna,F0868
dicker edelman elser moskowitz wilson,F0869
andersson leake,F0870
adorno yoss,F0871
goodman johnson lindsey mcguffey,F0872
carrere denegre jones poitevent waechter walker,F0873
english mccarter,F0874
colomb domengeaux edwards roy wright,F0875
domengeaux edwards roy wright,F0875
hartley metcalf wilner,F0876
anderson,F0877
mueller,F0878
frankgecker,F0879
gail massey,F0880
preston,F0881
spaeder zuckerman,F0882
honigman mantese rossman williamson,F0883
honigman mantese,F0883
mostyn,F0884
pritzker,F0885
olsen pritzker,F0885
bingham mccutchen,F0886
hadley mccoy milbank tweed,F0887
elden grippo,F0888
gotshal manges weil,F0889
nemeroff,F0890
mitchell nowak phillips scott smith,F0891
segwick,F0892
hoerman tor,F0893
siprut,F0894
broderick paronich,F0895
harrison schnader,F0896
harrison lewis schnader segal,F0896
cohelan khoury singer,F0897
markham,F0898
hamner,F0899
hamner pac,F0899
employees united,F0900
arroyo robbins,F0901
day jones,F0902
mestayer reeves,F0903
carlyle rice sandridge womble,F0904
lynch pine,F0905
arthur eaves john,F0906
eaves,F0906
paynter,F0907
berkowitz oliver,F0908
mcinnes paul,F0909
blooston dickens duffy mordkofsky prendergast,F0910
canfield miller paddock stone,F0911
herigstad pringle,F0912
aitken woods,F0913
davis slack,F0914
davis sanger slack,F0914
freeman katz mazie slater,F0915
fulbright norton rose us,F0916
farris pitt riley,F0917
bartlett simpson thacher,F0918
boucher,F0919
curry love mcginn montoya,F0920
conlin roxanne,F0921
morgan,F0922
futscher,F0923
john zuccarini,F0924
frentz maschka riedy ries,F0925
daniels,F0926
lambert plc,F0927
dwyer kirkendall,F0928
atkins markoff,F0929
lundy lundy soileau south,F0930
hatfield upton,F0931
jenner,F0932
lutzenberg weitz,F0933
gage lathrop,F0934
englert orseck robbins russell sauber untereiner,F0935
hill moore westmoreland,F0936
fistel johnson,F0937
glueck gustafson,F0938
atlas consumer sulaiman,F0939
sulaiman,F0939
denton,F0940
fitzgerald,F0941
fitzgerald ingaldson,F0942
caplin drysdale,F0943
caplin chartered drysdale,F0943
messner reeves,F0944
greenwald joseph laake,F0945
eldridge hoefer holwadel johnston,F0946
civil clinic litigation tulane,F0947
ll nobel zzard,F0948
eisenhofer grand,F0949
brodsky kider sidman weiner,F0950
burt jorden,F0951
archer greiner,F0952
edelstein margolis,F0953
esq fegley scott,F0954
campbell detweiler swartz,F0955
christie mortensen pabarue young,F0956
elliott jones prickett,F0957
mallison martinez,F0958
nobel schatz,F0959
johnson perkinson,F0960
brickfield donahue,F0961
consumer,F0962
meyers morgan plc,F0963
mills,F0964
ann miller,F0965
cohen ervin jessup,F0966
brownstein farber hyatt,F0967
oppenheim pilelsky,F0968
cooper greenberger krauss schwartz,F0969
appel baer wandro,F0970
mcgehee miller palmer pitt rivers,F0971
blumenfeld kaplan sandweiss,F0972
branzburg ellers harison harvey klehr,F0973
curtis trinko,F0974
graham graham lpa,F0975
ellis lawhorne sims,F0976
gary polland,F0977
hill johnson winter,F0978
eddy whitfield,F0979
kilcullen stern,F0980
james pashian,F0981
davis lundy,F0982
cuddy lanham,F0983
garrett,F0984
kidd perdue vickery vickery,F0985
callahan caudill sherman thompson,F0986
bromberg,F0987
burstein,F0988
constance nestor,F0989
allman kelly kelly,F0990
flynn radford,F0991
lowenstein sandler,F0992
bausch inc lomb shb,F0993
clarke knapp petersen,F0994
chapman lewis swan,F0995
crowell moring,F0996
holtzman renne sakal sloan,F0997
garcia,F0998
fuller mchugh,F0999
capshaw mcwilliams patton roberts,F1000
minami,F1001
pillsbury,F1002
johnson lyons rotherberger,F1003
kramer rayson,F1004
alcorn cooper tyler,F1005
shapiro stern varin weissberg,F1006
howard siegel,F1007
strom,F1008
dennis maniklal,F1009
engdahl howard kaspari lazarus metcalf,F1010
center justice public,F1011
aplc bourgeois duplass morton pfister weinstock zwain,F1012
grode liner regenstreif stein sunshine taylor yankelevitz,F1013
fearson squitieri,F1014
drubner hartley hellman,F1015
harris ungaretti,F1016
byrnes keller,F1017
breskin johnson townsend,F1018
schacter zwerling zwerling,F1019
car reinbrecht,F1020
horwitz horwitz paradis,F1021
birkhaeuser bramson mahler plutzik,F1022
baker cowden rice sterchi,F1023
curtin graham,F1024
stephen woodfin,F1025
hippel maxwell obermayer rebmann,F1026
cummings mccarthy weisberg,F1027
aronchick hangley pudlin segal,F1028
drake whateley,F1029
eichen levinson,F1030
murray murray plumb,F1031
godfrey sussman,F1032
hissey keintz,F1033
getman sweeney,F1034
langendorf,F1035
moore spiro,F1036
bock hatch,F1037
chant company corporation professional,F1038
linde,F1039
deering futscher parry sparks,F1040
blau brown leonard,F1041
bands bell,F1042
pinedo sanford,F1043
giardi keese,F1044
perry pittman,F1045
davis greg,F1046
bahe cantley cook jones plc,F1047
davis john,F1048
brehne michael,F1049
debeaubien knight,F1050
borges oneill,F1051
foley lardner,F1052
mcconnell valdes,F1053
barer garvey schubert,F1054
antonetti cordova goldman psc,F1055
graffam jimenez lausell,F1056
hardin schiff,F1057
hale wagner,F1058
drury larry,F1059
attorney phalen ralph,F1060
inc maasch turner,F1061
berger gottlieb,F1062
michael san souci,F1063
kelly,F1064
carton denlea eberz meiselman packman,F1065
alexander schack,F1066
back heidell murphy pittoni,F1067
gould weinner,F1068
gould wienner,F1069
gilreath,F1070
blaschke michael,F1071
lawrence mor rachel,F1072
gold nunnally wisener,F1073
shiner sosin,F1074
hill robbins,F1075
cooper deal holton,F1076
dinsmore shohl,F1077
carlton fields,F1078
foley mansfield pllp,F1079
barnes ben,F1080
marian rosen,F1081
coffin lambert,F1082
rudman winchell,F1083
conauson gair gair mackauf steigman,F1084
grimm magavern magavern,F1085
doran murphy,F1086
merrill molineux nomura,F1087
merrill molineaux namora,F1088
havens parisi,F1089
freedman freedman plc,F1090
donelon,F1091
freeborn peters,F1092
kralowec,F1093
rothken,F1094
hartman kerger,F1095
conaway stargatt taylor young,F1096
flaster greenberg,F1097
dunner farabow finnegan garrett henderson,F1098
bove connolly hutz lodge,F1099
nba,F1100
gordon,F1101
daniel king,F1102
koss schonfeld,F1103
klein solomon,F1104
plc rankin sutton,F1105
green terrell toups weller,F1106
john nevares,F1107
katriel,F1108
koch,F1109
taylor urban,F1110
piper,F1111
kapetan wites,F1112
schlanger schlanger,F1113
lovins troclair wilson,F1114
birka white,F1115
david greenberg,F1116
david mckay,F1117
mcmorrow smith,F1118
hudgens pope,F1119
wills,F1120
de garza la padilla rodriguez,F1121
ballard spahr,F1122
advocates economic housing rights,F1123
stonebarger,F1124
legal neighborhood services,F1125
mauriello,F1126
lanza plc smith,F1127
grant,F1128
friscia,F1129
mcglinchey stafford,F1130
general state texas,F1131
connecticut general state,F1132
general ohio state,F1133
al et morrow morrow,F1134
gorny lc,F1135
burns cunningham mackey,F1136
bergmanis,F1137
bingham lea,F1138
hershman lackey,F1139
arias ozzello,F1140
adams reese,F1141
mctigue,F1142
naumes thornton,F1143
basil moul murphy murray,F1144
finger slanina,F1145
emery mcdermott will,F1146
bumgardner casto nelson,F1147
innovalaw,F1148
campbell,F1149
counsel lien providio,F1150
iola stanley,F1151
attorney general tennessee,F1152
delaware department justice,F1153
williams williamson,F1154
friedman todd,F1155
agruss,F1156
evans,F1157
hirsch,F1158
klein marks,F1159
feldman pinto,F1160
steward,F1161
consumer lyngklip plc,F1162
carton denlca,F1163
stewart weltman,F1164
martin miller,F1165
baker botts,F1166
cooper gale maynard,F1167
grant harrison konvalinka,F1168
cipriani werner,F1169
griffin warren,F1170
chorush heim payne,F1171
butsch roberts,F1172
gaunt horsefield steelman,F1173
donahue plc wise,F1174
feinstein herrick,F1175
gibbins steve,F1176
carr pitts,F1177
curtis derby,F1178
dillof kramer livingston moore,F1179
beato cipollone missner mitchell stein,F1180
chaikin,F1181
arthur chapman kettering pikala smetak,F1182
bainbridge beck hecht pierce price,F1183
roytman smolen,F1184
caruso,F1185
hoover radcliffe reich,F1186
deegan forchelli terrana,F1187
hardin rogers,F1188
lytle phillips,F1189
sandy,F1190
mcinturff palikovic wittels,F1191
lightfoot may,F1192
allen moore van,F1193
carter james plc,F1194
mclaughlin warshauer,F1195
wells,F1196
center chicago consumer,F1197
golomb grunfeld spirt,F1198
rawlings,F1199
raizner slania,F1200
sauder schelkopf,F1201
konigsberg levy,F1202
baughman martin,F1203
kongsberg levy,F1204
seegerweiss,F1205
miller schirger,F1206
drinker faegre,F1207
axinn harkrider veltrop,F1208
metcalf safirstein,F1209
konisgberg levy,F1210
becker burns dollar hershewe,F1211
bozeman,F1212
daniel shay,F1213
mehri skalet,F1214
chambers miller monkman sachse sonosky,F1215
browne pelican,F1216
devine fitzgerald goodman rasco watts,F1217
fell,F1218
berger kenneth,F1219
dennis spurling,F1220
lamacchia,F1221
elias,F1222
bagin wienand,F1223
levensten,F1224
tadler,F1225
marron ronald,F1226
chimicles donaldson kriner schwartz smith,F1227
deakle johnson,F1228
deakle hamil sholtis,F1229
davis mallory nuce pasley,F1230
gefsky gutnick mckenna strassburger,F1231
flood lyons,F1232
keane mahoney,F1233
giuliano mcdonnell perrone,F1234
delich flynn wise,F1235
lane powell,F1236
marwedel minichello reeb,F1237
hill rivkins,F1238
gibson lindh robb,F1239
kennedys,F1240
maron ronald,F1241
dixon,F1242
kaveny kroll,F1243
bogard schlicter,F1244
demarco markovits stock,F1245
nast tisdale,F1246
altman derfner,F1247
daniel rueb stoller,F1248
king,F1249
cadwalader taft wickersham,F1250
streett,F1251
baum brennan goldman ismail tomaselli,F1252
bradshaw hinson robinson,F1253
duncan harrell litigation mullins point russell turning,F1254
glimstad siri,F1255
allison downing jorgenson,F1256
gelfand margulis,F1257
mack rosenberg,F1258
liberatore,F1259
sadaka,F1260
inc sciano tinsman,F1261
foster preuss,F1262
dilley,F1263
bringgold elliott grimaldi guito mcintyre thanasides,F1264
attorney colorado general,F1265
attorney california general,F1266
allen ashton neuman stoval,F1267
berger corporation kahn,F1268
robert stuntman,F1269
mwh,F1270
caplan cobb,F1271
blakely,F1272
dann,F1273
hawkins parnell,F1274
desouza,F1275
miles stockbridge,F1276
bowers coates kyre pinto,F1277
marcus zelman,F1278
anapolweiss,F1279
cross,F1280
omer,F1281
ben crump,F1282
ns pr services,F1283
cicala,F1284
deas liston,F1285
forman krutz watkins,F1286
msp recovery,F1287
cocounsel ediscovery,F1288
lewis pearce,F1289
mckelvey,F1290
felty lytle soule,F1291
sultzer,F1292
gore kaplan,F1293
earles injury laborde lawyers,F1294
block cannavo coffinas mcmanus paipan sullivan,F1295
park waichman,F1296
fisher lowe scott,F1297
goodhead pogust,F1298
borun gerstein marshall,F1299
gemini,F1300
fish richardson,F1301
mazzochi molino rakoczy siwik,F1302
mannos plakas,F1303
harrison nelson spiro,F1304
bathaee dunne,F1305
boiesbattin,F1306
steven williams,F1307
abusaad modjarrad said,F1308
ava,F1309
bowen hatch,F1310
mcintyre tate,F1311
keller lebaton sucharow,F1312
melton newsome,F1313
attorney consumer protection,F1314
covey kneupper,F1315
center connecticut fair housing,F1316
marron ron,F1317
klaris,F1318
cunningham domnick rafferty yaffa,F1319
dunn sheehan,F1320
schwaba,F1321
culpepper,F1322
barrett yarbrough,F1323
clark partington,F1324
cornell,F1325
maggs mcdermott,F1326
bayless chesley lpa schneider waite,F1327
dumas,F1328
bowman cauley coates geller,F1329
dougherty dudek haklar hildre,F1330
beiser dean downing gauthier labarre,F1331
kenneth moll,F1332
larsonking,F1333
hamilton,F1334
caplan cureton,F1335
brill duffy foster greupner siegel,F1336
hailey ramey,F1337
lee lee lee,F1338
salkow sherman,F1339
cooper kirkham,F1340
bramlett,F1341
dubin liddle macuga,F1342
devereux murphy,F1343
fodera silverman,F1344
sweetnam,F1345
golumb honik,F1346
caldwell kirk,F1347
frilot,F1348
hailey hall larmann mcnamara papale,F1349
coe cousins irons thompson,F1350
lumpkin reeves,F1351
richard serpe,F1352
hockin linkhorst,F1353
dow fitzgerald konopka mrachek rose,F1354
leopold,F1355
haskell rediker slaughter young,F1356
bounds cunningham,F1357
fayard honeycutt,F1358
luzenberg weitz,F1359
maniskas ryan,F1360
ajamie,F1361
mithoff,F1362
goodwin procter,F1363
conroy hanley,F1364
bohrer,F1365
burke frankowski harvey,F1366
robert salim,F1367
lewis roberts,F1368
dana taschner,F1369
brad sohn,F1370
moteverde,F1371
keale tanenbaum,F1372
monteverde,F1373
laszlo,F1374
kohl podolsky rose sherman silverstein,F1375
bailes craig yon,F1376
combs spann thomas,F1377
elliot nisen,F1378
lipton,F1379
crandall katt,F1380
lawrence papale,F1381
bachus shanker,F1382
jordan william,F1383
christopher maglio toale,F1384
justinian,F1385
adelman friedman kaplan seiler,F1386
jr potter stewart,F1387
johnson steptoe,F1388
dechertllp,F1389
edwards palmer wildman,F1390
fishman glantz gussis shaw towbinllc wolfson,F1391
hannafan hannafan,F1392
barack ferrazanno kirschbaum nagelberg,F1393
davis young,F1394
gainer toliver,F1395
deinard leonard street,F1396
berg michael,F1397
beasley,F1398
altman keith,F1399
grossman phillips,F1400
hienton lewis ridenour,F1401
fenet plc,F1402
edwards kirby,F1403
matthew mccue,F1404
santillo winebrake,F1405
beckwith carl esq,F1406
doyle lowther,F1407
della dipasquale fera sodono trenk,F1408
sedgwick,F1409
mahoney morrison,F1410
casey feller ross,F1411
chavez foote mielke neil,F1412
cherry myron,F1413
dardeno frank,F1414
brown rudnick,F1415
lombardo shaffer shurin,F1416
robert stutman,F1417
jason joy,F1418
heard,F1419
lovelace,F1420
bellows,F1421
bassford remele,F1422
corboy demetrio,F1423
levine,F1424
byrne namanny owens,F1425
owens scott,F1426
espel greene pllp,F1427
bowling dazzio friedman zulanas,F1428
brown hargrove pierson,F1429
mark tannenbaum,F1430
hopkins,F1431
kendall,F1432
gottlieb,F1433
barasch schall,F1434
thomas,F1435
nidel,F1436
bedell cove devault ditmar pillens,F1437
dunlap sampson,F1438
blackwell burke,F1439
cooper kirk,F1440
hammondlaw,F1441
bass mercer sox,F1442
del mar,F1443
ii majarian sahag,F1444
heygood orr pearson,F1445
ribeiro smith ventura,F1446
brady lynch michael,F1447
aitken aitken cohn,F1448
alhadeff miller sitterson stearns weaver weissler,F1449
david krumholz lerner littenberg mentlik,F1450
connelly williams,F1451
nolan stephen,F1452
cox keogh wilson,F1453
culbertson hinshaw,F1454
craig eiland,F1455
gildea schmidt smith,F1456
casey,F1457
grebel kruse niemeyer,F1458
nagel rice,F1459
weinberg,F1460
whitehead,F1461
mcguire woods,F1462
gulek gustafson,F1463
wehrle,F1464
cpm,F1465
dellafera miller plc,F1466
snapka,F1467
arias sanguinetti stahle torrijos,F1468
bieber joel,F1469
miller weisbrod,F1470
bruno bruno,F1471
webster,F1472
gpm lathrop,F1473
crumley roberts,F1474
bumett,F1475
adkins bekman marder,F1476
debrossee mujumdar zarzaur,F1477
whitley,F1478
jean martin sutton,F1479
bathgate wegener wolf,F1480
danzig hyland perretti riker scherer,F1481
carson lynch,F1482
kassel mcvey,F1483
butler holmes zelbst,F1484
bailey bailey peavy,F1485
zonies,F1486
eldridge hart mclaughlin,F1487
leventhal,F1488
obell,F1489
hernandez hynes,F1490
evangelista worley,F1491
doss,F1492
griffin strong,F1493
attorney general state tennessee,F1494
attorney general state washington,F1495
hayes lawyers lorenzen plc,F1496
cadwell deibert garry sanford,F1497
grossman moore,F1498
golden,F1499
olinde,F1500
malouf porter,F1501
garmer prather,F1502
abbott,F1503
lawyers lenze,F1504
gray whitelaw,F1505
bellavia blatt,F1506
capshaw derieux,F1507
varnell warwick,F1508
andersen sianni sleater,F1509
kincheloe litzenburg pendleton,F1510
byrd paul,F1511
randles splittgerber,F1512
harris hoffman schonbrun seplow zeldes,F1513
canoles kaufman,F1514
craig reilly,F1515
glasser glasser plc,F1516
pease sater seymour vorys,F1517
derek howard,F1518
johnston pratt,F1519
eck haeggquist,F1520
eggnatz pascucci,F1521
cole scott,F1522
gabriel jenkins mulligan,F1523
greenberg taurig,F1524
attorney paul rothstein,F1525
day pitney,F1526
pcw,F1527
mullen williams,F1528
hausefeld,F1529
mcdivitt,F1530
calcagnie inc robison,F1531
parfinczuk wolf,F1532
farr,F1533
sawin,F1534
mcguire,F1535
reese wagner,F1536
wayne wright,F1537
nabers,F1538
rein wiley,F1539
libowitz thomas,F1540
clement river young,F1541
beggs lane rllp,F1542
wilson,F1543
bertram graf,F1544
martino taylor,F1545
